Rank,Feature,Coefficient,Odds ratio,Direction
1,medical_specialty_Surgery-Cardiovascular/Thoracic,-0.5203921025787457,0.5942874806263573,decreases risk
2,diag_3_group_Missing,-0.4557533339222362,0.6339701967552973,decreases risk
3,medical_specialty_ObstetricsandGynecology,-0.43963043118680856,0.6442744808459556,decreases risk
4,medical_specialty_Oncology,0.437579635271665,1.5489536450670258,increases risk
5,medical_specialty_Hematology/Oncology,0.4165402933950987,1.5167051132894882,increases risk
6,medical_specialty_Orthopedics-Reconstructive,-0.321329871626869,0.7251839939063999,decreases risk
7,glyburide_Down,-0.30144731066940084,0.7397468020916429,decreases risk
8,medical_specialty_Nephrology,0.2991401162481145,1.3486985848198663,increases risk
9,discharge_group_Home,-0.28804658490988755,0.7497266654763661,decreases risk
10,discharge_group_Facility (SNF/rehab/other),0.280617761143625,1.3239474430477096,increases risk
11,any_prior_inpatient_0,-0.2624667037870522,0.7691519737901283,decreases risk
12,diag_2_group_Neoplasms,0.2550937686135438,1.290582631343314,increases risk
13,on_diabetes_med_0,-0.2461468518338279,0.7818074066436801,decreases risk
14,metformin_Up,-0.24095201180124348,0.7858793384173627,decreases risk
15,number_inpatient,0.22493255430377102,1.2522382552626625,increases risk
16,diag_2_group_Musculoskeletal,-0.21602041600956284,0.805718852141771,decreases risk
17,glipizide_No,-0.2047754000469893,0.8148303067094378,decreases risk
18,medical_specialty_Cardiology,-0.1986758227696339,0.8198156158157553,decreases risk
19,A1C_tested_1,-0.19728273031123902,0.8209584906477452,decreases risk
20,glipizide_Steady,-0.19614046111918498,0.8218967820282139,decreases risk
21,medical_specialty_Neurology,-0.17795873384286579,0.8369769615989507,decreases risk
22,diag_2_group_Respiratory,-0.17176834280987768,0.842174246292071,decreases risk
23,medical_specialty_Surgery-Vascular,0.16982313655050257,1.1850952327531328,increases risk
24,glu_tested_1,-0.1668496595644384,0.8463268389188141,decreases risk
25,medical_specialty_Pediatrics,-0.16516244710801897,0.8477559773947336,decreases risk
26,rosiglitazone_infrequent_sklearn,-0.1570980359276284,0.8546202712195957,decreases risk
27,admission_source_group_Other/Unknown,-0.1568727350815947,0.8548128395818319,decreases risk
28,pioglitazone_Steady,-0.15356483294066708,0.8576451587386247,decreases risk
29,diag_1_group_Diabetes,0.1522859944445452,1.164493227406807,increases risk
30,med_change_1,-0.15021902562417921,0.860519479966816,decreases risk
31,insulin_No,-0.14918221387119862,0.8614121393572223,decreases risk
32,insulin_Steady,-0.1459285934395571,0.8642194119170853,decreases risk
33,diag_1_group_Respiratory,-0.1426219235511275,0.8670818301514044,decreases risk
34,pioglitazone_No,-0.14050494214338444,0.8689193705980458,decreases risk
35,payer_group_Private/Other,-0.1399260251007896,0.8694225484653941,decreases risk
36,med_change_0,-0.13983472943536374,0.8695019265988772,decreases risk
37,admission_group_Other/Unknown,-0.13921404413206484,0.8700417811884804,decreases risk
38,medical_specialty_Family/GeneralPractice,0.13632564261921287,1.1460550371999096,increases risk
39,medical_specialty_Surgery-Neuro,-0.13223416058942652,0.8761358145789578,decreases risk
40,diag_3_group_Neoplasms,0.12946189167428573,1.1382157351403228,increases risk
41,medical_specialty_infrequent_sklearn,-0.12705740277475724,0.8806831174915433,decreases risk
42,glipizide_Down,0.12411628041360365,1.132147509926227,increases risk
43,metformin_Down,0.12375954463962377,1.1317437044382281,increases risk
44,glyburide_Up,0.1235422335007358,1.1314977906457582,increases risk
45,diag_2_group_Genitourinary,-0.12329604064940908,0.884001923316547,decreases risk
46,glu_tested_0,-0.12320409549509104,0.8840832067465553,decreases risk
47,max_glu_serum_None,-0.12320409549509104,0.8840832067465553,decreases risk
48,diag_2_group_Missing,0.11658783529366212,1.123656202805354,increases risk
49,metformin_Steady,-0.11641860334086511,0.8901025454015908,decreases risk
50,max_glu_serum_>200,-0.11563879404156979,0.8907969263509943,decreases risk
51,payer_group_Medicare,-0.11383436886598049,0.8924057538191111,decreases risk
52,discharge_group_Home with health service,-0.1133472755773542,0.8928405445557562,decreases risk
53,admission_source_group_Transfer,-0.11301313470245579,0.8931389289248898,decreases risk
54,A1Cresult_>8,-0.1095630118757502,0.8962256897210363,decreases risk
55,medical_specialty_Urology,0.10402921829556602,1.109632876023277,increases risk
56,diag_1_group_Genitourinary,-0.0970755295779112,0.9074874613998086,decreases risk
57,medical_specialty_Psychiatry,0.09703045894959512,1.101893935641721,increases risk
58,diag_3_group_Genitourinary,0.09469962151027492,1.0993285908646107,increases risk
59,discharge_group_Other/Unknown,-0.09420783890982264,0.9100935897232184,decreases risk
60,diag_2_group_Other,-0.09330853540126437,0.9109124082095569,decreases risk
61,A1Cresult_None,-0.09277102474827502,0.9114021649458497,decreases risk
62,A1C_tested_0,-0.09277102474827502,0.9114021649458497,decreases risk
63,medical_specialty_Radiologist,0.09223765407029932,1.0966254086068152,increases risk
64,total_prior_visits,0.09162516512729751,1.095953943322951,increases risk
65,diag_1_group_Musculoskeletal,-0.08804044028562347,0.9157238438407234,decreases risk
66,diag_2_group_Circulatory,-0.08473544708668453,0.9187553116475774,decreases risk
67,diag_2_group_Diabetes,0.08289467226089119,1.0864273715828956,increases risk
68,admission_group_Emergency/Urgent,-0.08152256450197554,0.9217119116489862,decreases risk
69,discharge_group_Left against medical advice,-0.07506981680610897,0.9276787165024866,decreases risk
70,diag_3_group_Other,-0.07018132575143356,0.9322247682230966,decreases risk
71,admission_group_Elective,-0.06931714642549604,0.9330307257906979,decreases risk
72,number_diagnoses,0.06879571558263153,1.0712173537817444,increases risk
73,A1Cresult_>7,-0.06827581986341155,0.9340028215154124,decreases risk
74,glyburide_Steady,-0.063171984825162,0.9387820035455791,decreases risk
75,number_outpatient,-0.06258066415596625,0.9393372889078204,decreases risk
76,diag_1_group_Digestive,-0.062467114705012705,0.9394439561971276,decreases risk
77,diag_3_group_Circulatory,-0.06222241721815445,0.9396738639000246,decreases risk
78,pioglitazone_infrequent_sklearn,0.05996026925207457,1.0617943598232513,increases risk
79,payer_group_Unknown,0.05766310846739811,1.059358046831165,increases risk
80,metformin_No,-0.0564426845570415,0.9451206529516606,decreases risk
81,pioglitazone_Up,-0.0559442492275505,0.9455918518970687,decreases risk
82,payer_group_Self-pay,-0.055293889902508275,0.9462070263961868,decreases risk
83,diag_1_group_Injury,-0.054498448358674234,0.9469599781989211,decreases risk
84,rosiglitazone_Up,-0.05302308275144967,0.948358121514843,decreases risk
85,medical_specialty_PhysicalMedicineandRehabilitation,0.050847738272163365,1.0521626769789456,increases risk
86,glyburide_No,-0.0489766930656898,0.9522033223801668,decreases risk
87,diag_3_group_Diabetes,0.04692407594476415,1.0480424344271977,increases risk
88,medical_specialty_Missing,0.04610005518540252,1.0471791814225824,increases risk
89,diag_1_group_Circulatory,0.04399909767892733,1.0449814119792697,increases risk
90,on_diabetes_med_1,-0.04390690322571111,0.9570430509467236,decreases risk
91,rosiglitazone_Steady,-0.040886390318193994,0.9599381820244091,decreases risk
92,age_years,0.04061721201859511,1.0414533734008806,increases risk
93,diag_3_group_Musculoskeletal,-0.039742022144738334,0.9610373335254484,decreases risk
94,max_glu_serum_Norm,-0.039355065233395,0.961409285523772,decreases risk
95,medical_specialty_Pulmonology,0.03913564206190068,1.0399115298281445,increases risk
96,rosiglitazone_No,-0.03904624606226569,0.961706232991619,decreases risk
97,payer_group_Medicaid,-0.0386625796576603,0.962075278154906,decreases risk
98,num_medications,0.03644006320449309,1.03711214097653,increases risk
99,diag_1_group_Neoplasms,-0.035699660012314824,0.9649300570486031,decreases risk
100,medical_specialty_Surgery-General,-0.03211435311454327,0.9683958366672433,decreases risk
101,diag_3_group_Injury,0.031926411821754666,1.0324415270184828,increases risk
102,medical_specialty_Emergency/Trauma,-0.03166856068312108,0.9688276364412349,decreases risk
103,diag_2_group_Injury,-0.029559884623317118,0.9708727355522457,decreases risk
104,n_diabetes_meds_prescribed,-0.02954228291704846,0.97088982471936,decreases risk
105,any_prior_inpatient_1,-0.027587051272487333,0.9727899962604454,decreases risk
106,diag_2_group_Digestive,-0.025941364647524945,0.9743922217651231,decreases risk
107,admission_source_group_Emergency room,-0.022722251454729964,0.9775339547050752,decreases risk
108,n_meds_up,-0.0221143005011631,0.9781284280920033,decreases risk
109,A1Cresult_Norm,-0.01944389857208007,0.980743914779356,decreases risk
110,diag_3_group_Respiratory,0.019430404169639356,1.019620403062691,increases risk
111,num_procedures,-0.01715818474601543,0.9829881786005246,decreases risk
112,num_lab_procedures,0.016640100497824512,1.0167793180964162,increases risk
113,medical_specialty_Gastroenterology,-0.015595993161134858,0.9845249945491,decreases risk
114,diag_3_group_Digestive,0.01540293885630089,1.0155221755307982,increases risk
115,glipizide_Up,-0.013254174306956594,0.9868332754767369,decreases risk
116,max_glu_serum_>300,-0.01185580028947295,0.9882142027901616,decreases risk
117,time_in_hospital,0.010278638298485802,1.0103316449575463,increases risk
118,medical_specialty_Orthopedics,-0.009156114283293238,0.9908856752904628,decreases risk
119,medical_specialty_InternalMedicine,-0.007867352259836122,0.9921635143567308,decreases risk
120,insulin_Up,0.006058986153694745,1.0060773789387463,increases risk
121,diag_1_group_infrequent_sklearn,-0.005500253314746701,0.994514845383611,decreases risk
122,number_emergency,0.005309459878513196,1.0053235800396962,increases risk
123,n_meds_down,0.004861615992787794,1.0048734528220842,increases risk
124,admission_source_group_Referral,0.002554366179239008,1.002557631352085,increases risk
125,insulin_Down,-0.0010019339024661175,0.998998567865713,decreases risk
126,diag_1_group_Other,-0.0004354773776049995,0.9995646174289058,decreases risk
