Feature,Cohort,n,Error rate,vs overall,False alerts (FP rate),Missed (FN rate)
discharge_group,Facility (SNF/rehab/other),3099,0.537270087124879,0.26881190774966907,0.4833817360438851,0.05388835108099387
any_prior_inpatient,1,4990,0.5322645290581163,0.26380634968290634,0.4887775551102204,0.043486973947895795
payer_group,Medicare,4723,0.32034723692568284,0.051889057550472906,0.24666525513444845,0.07368198179123439
diag_1_group,Injury,1011,0.31948565776458954,0.0510274783893796,0.2512363996043521,0.06824925816023739
diag_1_group,Diabetes,1295,0.31891891891891894,0.050460739543709,0.2625482625482625,0.05637065637065637
discharge_group,Home with health service,1948,0.3177618069815195,0.049303627606309575,0.24281314168377824,0.07494866529774127
age_group,>60,9935,0.30055359838953194,0.032095419014322,0.2315047810770005,0.06904881731253146
diag_1_group,Other,2672,0.29191616766467066,0.02345798828946072,0.2342814371257485,0.05763473053892216
diag_1_group,Circulatory,4496,0.288923487544484,0.020465308169274055,0.2159697508896797,0.07295373665480427
discharge_group,Other/Unknown,687,0.2852983988355167,0.016840219460306782,0.22125181950509462,0.06404657933042213
payer_group,Medicaid,479,0.2818371607515658,0.013378981376355847,0.22338204592901878,0.05845511482254697
payer_group,Unknown,5836,0.2705620287868403,0.0021038494116303874,0.21076079506511308,0.05980123372172721
diag_1_group,Neoplasms,510,0.2549019607843137,-0.01355621859089623,0.19411764705882353,0.060784313725490195
diag_1_group,Genitourinary,754,0.2506631299734748,-0.017795049401735152,0.1816976127320955,0.06896551724137931
payer_group,Self-pay,764,0.24345549738219896,-0.025002681993010978,0.17670157068062828,0.06675392670157068
diag_1_group,Digestive,1371,0.21954777534646244,-0.048910404028747495,0.1560904449307075,0.06345733041575492
age_group,30-60,4511,0.20837951673686544,-0.06007866263834449,0.14719574373753047,0.06118377299933496
diag_1_group,Respiratory,2046,0.20821114369501467,-0.060247035680195266,0.13929618768328444,0.0689149560117302
payer_group,Private/Other,3083,0.18910152448913395,-0.07935665488607599,0.12066169315601687,0.0684398313331171
diag_1_group,Musculoskeletal,727,0.1843191196698762,-0.08413905970533372,0.11279229711141678,0.07152682255845942
discharge_group,Home,9052,0.16394167034909413,-0.10451650902611581,0.0958904109589041,0.06805125939019001
age_group,<30,439,0.15945330296127563,-0.1090048764139343,0.10250569476082004,0.05694760820045558
any_prior_inpatient,0,9895,0.13542193026781202,-0.13303624910739792,0.057604850934815564,0.07781707933299646
