time_in_hospital,num_lab_procedures,num_procedures,num_medications,number_outpatient,number_emergency,number_inpatient,number_diagnoses,age_years,total_prior_visits,n_meds_up,n_meds_down,n_diabetes_meds_prescribed,admission_group,admission_source_group,discharge_group,medical_specialty,diag_1_group,diag_2_group,diag_3_group,max_glu_serum,A1Cresult,A1C_tested,glu_tested,med_change,on_diabetes_med,any_prior_inpatient,insulin,metformin,glipizide,glyburide,pioglitazone,rosiglitazone,payer_group,race,gender,age_group,readmit_30d
9,40,6,29,0,0,0,9,65.0,0,0,0,3,Elective,Referral,Facility (SNF/rehab/other),nan,Diabetes,Circulatory,Other,None,None,0,0,0,1,0,Up,Steady,No,Steady,No,No,Unknown,Caucasian,Male,>60,1
9,40,6,50,0,0,0,9,65.0,0,0,0,3,Elective,Referral,Facility (SNF/rehab/other),nan,Diabetes,Circulatory,Other,None,None,0,0,0,1,0,Steady,Steady,No,Steady,No,No,Unknown,Caucasian,Male,>60,1
9,40,6,36,0,0,0,9,65.0,0,0,0,3,Elective,Referral,Facility (SNF/rehab/other),nan,Diabetes,Circulatory,Other,None,None,0,0,1,1,0,Steady,Steady,No,Steady,No,No,Unknown,Caucasian,Male,>60,1
9,40,6,34,0,0,0,9,65.0,0,0,0,3,Elective,Referral,Facility (SNF/rehab/other),nan,Diabetes,Circulatory,Other,None,None,0,0,1,1,0,Up,Steady,No,Steady,No,No,Unknown,Caucasian,Male,>60,1
9,40,6,35,0,0,0,9,65.0,0,0,0,3,Elective,Referral,Facility (SNF/rehab/other),nan,Diabetes,Circulatory,Other,None,None,0,0,1,1,0,No,Steady,No,Steady,No,No,Unknown,Caucasian,Male,>60,1
9,40,6,35,0,0,0,9,65.0,0,0,0,3,Elective,Referral,Facility (SNF/rehab/other),nan,Diabetes,Circulatory,Other,None,None,0,0,0,1,0,Steady,Steady,No,Steady,No,No,Unknown,Caucasian,Male,>60,1
9,40,6,53,0,0,0,9,65.0,0,0,0,3,Elective,Referral,Facility (SNF/rehab/other),nan,Diabetes,Circulatory,Other,None,None,0,0,1,1,0,Steady,Steady,No,Steady,No,No,Unknown,Caucasian,Male,>60,1
9,40,6,42,0,0,0,9,65.0,0,0,0,3,Elective,Referral,Facility (SNF/rehab/other),nan,Diabetes,Circulatory,Other,None,None,0,0,1,1,0,Steady,Steady,No,Steady,No,No,Unknown,Caucasian,Male,>60,1
9,40,6,44,0,0,0,9,65.0,0,0,0,3,Elective,Referral,Facility (SNF/rehab/other),nan,Diabetes,Circulatory,Other,None,None,0,0,0,1,0,Steady,Steady,No,Steady,No,No,Unknown,Caucasian,Male,>60,1
9,40,6,41,0,0,0,9,65.0,0,0,0,3,Elective,Referral,Facility (SNF/rehab/other),nan,Diabetes,Circulatory,Other,None,None,0,0,1,1,0,Steady,Steady,No,Steady,No,No,Unknown,Caucasian,Male,>60,1
