Feature,Mean |importance|
number_inpatient,0.2973925195708245
discharge_group,0.19399854112935813
medical_specialty,0.08725298719366814
payer_group,0.06428465837434441
diag_1_group,0.05816179517798759
number_diagnoses,0.05584827902925279
diag_3_group,0.04665940277800628
n_diabetes_meds_prescribed,0.04587818690443766
diag_2_group,0.04568029823128959
insulin,0.030038903424812784
age_years,0.02367718796319372
admission_source_group,0.02039419071484638
metformin,0.020263011517452967
num_medications,0.01883051591946752
n_meds_down,0.013454925059446373
time_in_hospital,0.012630180297528193
A1Cresult,0.01055089847608212
num_lab_procedures,0.008780897376642807
admission_group,0.00808438720442978
number_emergency,0.00791891213837832
A1C_tested,0.007545259581667918
num_procedures,0.006657620260404564
total_prior_visits,0.004935633770721079
number_outpatient,0.0034986481029782367
glyburide,0.0032026907514696875
glipizide,0.0027127435316862784
med_change,0.0006014089176365741
n_meds_up,0.0005171960134427157
gender,0.0005023472940367174
age_group,0.0004274373686095212
max_glu_serum,0.00027257565841532936
pioglitazone,0.00022774322278216013
glu_tested,0.00018435125794297782
rosiglitazone,0.0001518715159252258
race,0.0
any_prior_inpatient,0.0
on_diabetes_med,0.0
