diag_1_group,Not tested,Tested,Difference (pp)
Diabetes,0.14724755150287064,0.09602044541803578,-5.1227106084834855
Injury,0.12834839769926049,0.09007832898172324,-3.8270068717537242
Respiratory,0.10639783538448111,0.07387969317723052,-3.251814220725059
Other,0.12010549807263136,0.10079840319361277,-1.9307094879018591
Digestive,0.10962404185424017,0.09784560143626571,-1.1778440417974463
Circulatory,0.11811860940695297,0.11108986615678776,-0.7028743250165213
Genitourinary,0.10994642441183322,0.11283497884344147,0.28885544316082506
Neoplasms,0.10860366713681241,0.11186440677966102,0.32607396428486063
Musculoskeletal,0.0945945945945946,0.10303030303030303,0.8435708435708428
Missing,0.23529411764705882,0.3333333333333333,9.80392156862745
