Bin,n,Mean predicted risk,Observed readmission rate,Readmissions,Gap (predicted - observed)
1,1497,0.050926718333032105,0.03807615230460922,57,0.012850566028422883
2,1496,0.0635935489233956,0.05815508021390375,87,0.005438468709491849
3,1496,0.07187241738795469,0.07419786096256685,111,-0.00232544357461216
4,1496,0.08011574746160531,0.07887700534759358,118,0.0012387421140117316
5,1496,0.09025368510734308,0.08489304812834225,127,0.005360636979000827
6,1496,0.10347387038361533,0.125,187,-0.02152612961638467
7,1496,0.11893420955373861,0.1270053475935829,190,-0.008071138039844286
8,1496,0.13729928753226564,0.15975935828877005,239,-0.022460070756504413
9,1496,0.1679806888862664,0.17446524064171123,261,-0.006484551755444823
10,1497,0.26197166269430294,0.23714094856379425,355,0.02483071413050869
