split,reserved_calls_per_1000,total_caught,recall,group_caught,group_recall,others_caught,precision,cost_per_catch_usd,group_precision
val,0,741,0.42782909930715934,0,0.0,741,0.1981283422459893,118.35762483130904,0.0
val,25,724,0.418013856812933,43,0.10238095238095238,681,0.19358288770053475,121.13674033149171,0.11497326203208556
val,50,693,0.40011547344110854,78,0.18571428571428572,615,0.18529411764705883,126.55555555555556,0.10427807486631016
val,75,670,0.38683602771362585,113,0.26904761904761904,557,0.17914438502673796,130.9,0.10071301247771836
val,100,642,0.37066974595842955,147,0.35,495,0.1716577540106952,136.60903426791276,0.0982620320855615
test,0,712,0.4193168433451119,0,0.0,712,0.19134641225477023,122.55259831460674,0.0
test,25,693,0.4081272084805654,39,0.08803611738148984,654,0.18624025799516258,125.91262626262626,0.10483870967741936
test,50,681,0.4010600706713781,78,0.17607223476297967,603,0.18301531846277883,128.1313509544787,0.10483870967741936
test,75,665,0.3916372202591284,120,0.2708803611738149,545,0.17871539908626713,131.21421052631578,0.10752688172043011
test,100,632,0.37220259128386335,147,0.33182844243792325,485,0.16984681537221177,138.06558544303797,0.09879032258064516
