Variable,Level,n,% of cohort,Readmitted <30d (n),Readmission rate %
race,Caucasian,74220,74.71310650291927,8556,11.52789005658852
race,AfricanAmerican,18772,18.896718341050935,2149,11.447901129341572
race,nan,2232,2.246829071874371,188,8.422939068100359
race,Hispanic,2017,2.030400644252064,212,10.5106593951413
race,Other,1471,1.480773102476344,144,9.789259007477906
race,Asian,628,0.6321723374270183,65,10.35031847133758
gender,Female,53454,53.8091403261526,6128,11.464062558461482
gender,Male,45886,46.1908596738474,5186,11.301922154905636
age_group,>60,66410,66.85121803905778,7920,11.925914771871705
age_group,30-60,30431,30.633178981276426,3115,10.236272222404784
age_group,<30,2499,2.515602979665794,279,11.164465786314526
payer_group,Unknown,39397,39.658747735051335,4606,11.69124552630911
payer_group,Medicare,31333,31.54117173344071,3796,12.115022500239364
payer_group,Private/Other,20196,20.330179182605193,1988,9.843533372945137
payer_group,Self-pay,4941,4.973827259915442,510,10.321797207043108
payer_group,Medicaid,3473,3.4960740889873163,414,11.920529801324504
admission_group,Emergency/Urgent,70519,70.98751761626735,8252,11.701810859484677
admission_group,Elective,18667,18.7910207368633,1958,10.489098408956982
admission_group,Other/Unknown,10154,10.221461646869336,1104,10.872562536931259
discharge_group,Home,60232,60.632172337427015,5602,9.300703944746978
discharge_group,Facility (SNF/rehab/other),20792,20.930138916851217,3416,16.429395921508274
discharge_group,Home with health service,13010,13.096436480773102,1653,12.705611068408917
discharge_group,Other/Unknown,4683,4.714113146768673,553,11.80866965620329
discharge_group,Left against medical advice,623,0.6271391181799879,90,14.446227929373997
diag_1_group,Circulatory,29680,29.87718945037246,3469,11.68800539083558
diag_1_group,Other,17793,17.911214012482386,2079,11.684370257966616
diag_1_group,Respiratory,13934,14.026575397624322,1402,10.06171953495048
diag_1_group,Digestive,9333,9.395007046506946,1010,10.821815064823744
diag_1_group,Diabetes,8661,8.71854237970606,1135,13.10472231843898
diag_1_group,Injury,6851,6.896517012281055,850,12.40694789081886
diag_1_group,Genitourinary,5002,5.035232534729213,552,11.035585765693723
diag_1_group,Musculoskeletal,4935,4.967787396819006,471,9.544072948328267
diag_1_group,Neoplasms,3131,3.151801892490437,341,10.891089108910892
diag_1_group,Missing,20,0.020132876988121603,5,25.0
A1Cresult,None,82506,83.05415743909805,9641,11.685210772549876
A1Cresult,>8,8137,8.191061002617275,809,9.942239154479537
A1Cresult,Norm,4922,4.954701026776727,481,9.772450223486388
A1Cresult,>7,3775,3.800080531507952,383,10.14569536423841
